<?xml version = '1.0' encoding = 'UTF-8'?>
<relationalModel class="oracle.dbtools.crest.model.design.relational.RelationalDesign" name="Relational_1" id="B2B557E4-6D9E-D4E3-0CE7-3F684103BD09" mainViewID="2AD69DC6-7705-41C4-7521-AB613D4E033E">
<createdBy>andrwwteo</createdBy>
<createdTime>2022-04-07 04:17:50 UTC</createdTime>
<ownerDesignName>cust_orders</ownerDesignName>
<shouldBeOpen>false</shouldBeOpen>
<selectedRDBMSSite>32076570-2523-435C-2E92-BF29817DFF70</selectedRDBMSSite>
</relationalModel>
