<?xml version = '1.0' encoding = 'UTF-8'?>
<Relation class="oracle.dbtools.crest.model.design.logical.Relation" name="ORDER_ORDERLINES" directorySegmentName="seg_0" id="3C711FEA-6909-7260-88C2-2F93F0D55018">
<createdBy>andrwwteo</createdBy>
<createdTime>2022-04-07 05:04:04 UTC</createdTime>
<ownerDesignName>cust_orders</ownerDesignName>
<engineerTo>
<item key="B2B557E4-6D9E-D4E3-0CE7-3F684103BD09" value="true"/>
</engineerTo>
<sourcePk>02422CDB-D89C-14C6-F63D-6084D9B9E0C7</sourcePk>
<identifying>true</identifying>
<nameOnSource>contains</nameOnSource>
<nameOnTarget> </nameOnTarget>
<optionalSource>false</optionalSource>
<optionalTarget>false</optionalTarget>
<sourceCardinality>1</sourceCardinality>
<sourceEntity>947767B0-F622-E010-62F9-2A1B0117622B</sourceEntity>
<targetCardinalityString>*</targetCardinalityString>
<targetEntity>C38B643A-E48F-2829-23E9-5E2D2D7966F0</targetEntity>
<transferable>true</transferable>
<deleteRule>NO ACTION</deleteRule>
</Relation>
