<?xml version = '1.0' encoding = 'UTF-8'?>
<Relation class="oracle.dbtools.crest.model.design.logical.Relation" name="CUSTOMER_ORDERS" directorySegmentName="seg_0" id="293CEE18-3B58-91D0-1578-BA8E107D486D">
<createdBy>andrwwteo</createdBy>
<createdTime>2022-04-07 04:48:20 UTC</createdTime>
<ownerDesignName>cust_orders</ownerDesignName>
<engineerTo>
<item key="B2B557E4-6D9E-D4E3-0CE7-3F684103BD09" value="true"/>
</engineerTo>
<sourcePk>9F2C90AC-E2ED-BC30-79E7-0C72133DC2D7</sourcePk>
<identifying>false</identifying>
<nameOnSource>places</nameOnSource>
<nameOnTarget> </nameOnTarget>
<optionalSource>true</optionalSource>
<optionalTarget>false</optionalTarget>
<sourceCardinality>1</sourceCardinality>
<sourceEntity>A1BC44BB-CA66-6AEB-4329-E8E669BBDA7C</sourceEntity>
<targetCardinalityString>*</targetCardinalityString>
<targetEntity>947767B0-F622-E010-62F9-2A1B0117622B</targetEntity>
<transferable>true</transferable>
<deleteRule>NO ACTION</deleteRule>
</Relation>