<?xml version = '1.0' encoding = 'UTF-8'?>
<Entity class="oracle.dbtools.crest.model.design.logical.Entity" directorySegmentName="seg_0" id="947767B0-F622-E010-62F9-2A1B0117622B" name="ORDERS">
<createdBy>andrwwteo</createdBy>
<createdTime>2022-04-07 04:32:55 UTC</createdTime>
<ownerDesignName>cust_orders</ownerDesignName>
<engineerTo>
<item key="B2B557E4-6D9E-D4E3-0CE7-3F684103BD09" value="true"/>
</engineerTo>
<adequatelyNormalized>NO</adequatelyNormalized>
<expectedVolumes>0</expectedVolumes>
<fwdEngineeringStrategyName>Single Table</fwdEngineeringStrategyName>
<growthPercent>0</growthPercent>
<growthType>Year</growthType>
<maxVolumes>9999999</maxVolumes>
<minVolumes>0</minVolumes>
<normalForm>Third</normalForm>
<attributes itemClass="oracle.dbtools.crest.model.design.logical.Attribute">
<Attribute name="order_no" id="E3754EAD-CBCE-CE3D-F1B1-DBEDD16B8F4F">
<createdBy>andrwwteo</createdBy>
<createdTime>2022-04-07 04:33:03 UTC</createdTime>
<commentInRDBMS><![CDATA[order_number]]></commentInRDBMS>
<ownerDesignName>cust_orders</ownerDesignName>
<engineerTo>
<item key="B2B557E4-6D9E-D4E3-0CE7-3F684103BD09" value="true"/>
</engineerTo>
<useDomainConstraints>false</useDomainConstraints>
<use>1</use>
<logicalDatatype>LOGDT019</logicalDatatype>
<dataTypePrecision>7</dataTypePrecision>
<ownDataTypeParameters>,7,</ownDataTypeParameters>
</Attribute>
<Attribute name="order_date" id="18924F5C-6322-8F62-6275-EA6D20A9D420">
<createdBy>andrwwteo</createdBy>
<createdTime>2022-04-07 04:33:03 UTC</createdTime>
<ownerDesignName>cust_orders</ownerDesignName>
<engineerTo>
<item key="B2B557E4-6D9E-D4E3-0CE7-3F684103BD09" value="true"/>
</engineerTo>
<useDomainConstraints>false</useDomainConstraints>
<use>1</use>
<logicalDatatype>LOGDT007</logicalDatatype>
<ownDataTypeParameters>,,</ownDataTypeParameters>
</Attribute>
<Attribute name="cust_no" id="802C1DF4-E598-CC05-1A25-476E1BC8487A">
<createdBy>andrwwteo</createdBy>
<createdTime>2022-04-07 04:48:20 UTC</createdTime>
<generatorID>293CEE18-3B58-91D0-1578-BA8E107D486D</generatorID>
<ownerDesignName>cust_orders</ownerDesignName>
<engineerTo>
<item key="B2B557E4-6D9E-D4E3-0CE7-3F684103BD09" value="true"/>
</engineerTo>
<referedAttribute>9BACEA69-68FD-7E82-3668-9209BF517850</referedAttribute>
<useDomainConstraints>false</useDomainConstraints>
<use>1</use>
<logicalDatatype>LOGDT019</logicalDatatype>
<dataTypePrecision>7</dataTypePrecision>
<ownDataTypeParameters>,,</ownDataTypeParameters>
</Attribute>
</attributes>
<identifiers itemClass="oracle.dbtools.crest.model.design.logical.CandidateKey">
<identifier id="02422CDB-D89C-14C6-F63D-6084D9B9E0C7" name="ORDERS PK">
<createdBy>andrwwteo</createdBy>
<createdTime>2022-04-07 04:33:25 UTC</createdTime>
<ownerDesignName>cust_orders</ownerDesignName>
<engineerTo>
<item key="B2B557E4-6D9E-D4E3-0CE7-3F684103BD09" value="true"/>
</engineerTo>
<pk>true</pk>
<usedAttributes>
<attributeRef>E3754EAD-CBCE-CE3D-F1B1-DBEDD16B8F4F</attributeRef>
</usedAttributes>
</identifier>
</identifiers>
</Entity>