<?xml version = '1.0' encoding = 'UTF-8'?>
<Entity class="oracle.dbtools.crest.model.design.logical.Entity" directorySegmentName="seg_0" id="C38B643A-E48F-2829-23E9-5E2D2D7966F0" name="ORDERLINE">
<createdBy>andrwwteo</createdBy>
<createdTime>2022-04-07 04:28:55 UTC</createdTime>
<ownerDesignName>cust_orders</ownerDesignName>
<engineerTo>
<item key="B2B557E4-6D9E-D4E3-0CE7-3F684103BD09" value="true"/>
</engineerTo>
<adequatelyNormalized>NO</adequatelyNormalized>
<expectedVolumes>0</expectedVolumes>
<fwdEngineeringStrategyName>Single Table</fwdEngineeringStrategyName>
<growthPercent>0</growthPercent>
<growthType>Year</growthType>
<maxVolumes>9999999</maxVolumes>
<minVolumes>0</minVolumes>
<normalForm>Third</normalForm>
<attributes itemClass="oracle.dbtools.crest.model.design.logical.Attribute">
<Attribute name="ol_qtyordered" id="267C6EA2-E5AE-747F-85AE-D88C765102F1">
<createdBy>andrwwteo</createdBy>
<createdTime>2022-04-07 04:29:10 UTC</createdTime>
<commentInRDBMS><![CDATA[orderline_quantity_ordered]]></commentInRDBMS>
<ownerDesignName>cust_orders</ownerDesignName>
<engineerTo>
<item key="B2B557E4-6D9E-D4E3-0CE7-3F684103BD09" value="true"/>
</engineerTo>
<useDomainConstraints>false</useDomainConstraints>
<use>1</use>
<logicalDatatype>LOGDT019</logicalDatatype>
<dataTypePrecision>7</dataTypePrecision>
<ownDataTypeParameters>,7,</ownDataTypeParameters>
</Attribute>
<Attribute name="ol_lineprice" id="D169C453-9566-A000-DDED-6A31A78EB79B">
<createdBy>andrwwteo</createdBy>
<createdTime>2022-04-07 04:29:10 UTC</createdTime>
<commentInRDBMS><![CDATA[orderline_line_price]]></commentInRDBMS>
<ownerDesignName>cust_orders</ownerDesignName>
<engineerTo>
<item key="B2B557E4-6D9E-D4E3-0CE7-3F684103BD09" value="true"/>
</engineerTo>
<useDomainConstraints>false</useDomainConstraints>
<use>1</use>
<logicalDatatype>LOGDT019</logicalDatatype>
<dataTypePrecision>7</dataTypePrecision>
<dataTypeScale>2</dataTypeScale>
<ownDataTypeParameters>,7,2</ownDataTypeParameters>
</Attribute>
<Attribute name="order_no" id="8A287C1E-4B20-9AE9-24B1-4F1CEE320FA3">
<createdBy>andrwwteo</createdBy>
<createdTime>2022-04-07 05:04:04 UTC</createdTime>
<generatorID>3C711FEA-6909-7260-88C2-2F93F0D55018</generatorID>
<ownerDesignName>cust_orders</ownerDesignName>
<engineerTo>
<item key="B2B557E4-6D9E-D4E3-0CE7-3F684103BD09" value="true"/>
</engineerTo>
<referedAttribute>E3754EAD-CBCE-CE3D-F1B1-DBEDD16B8F4F</referedAttribute>
<useDomainConstraints>false</useDomainConstraints>
<use>1</use>
<logicalDatatype>LOGDT019</logicalDatatype>
<dataTypePrecision>7</dataTypePrecision>
<ownDataTypeParameters>,,</ownDataTypeParameters>
</Attribute>
</attributes>
<identifiers itemClass="oracle.dbtools.crest.model.design.logical.CandidateKey">
<identifier id="D2F3B78B-52AB-5E5C-DE8F-7CD314E4D0F9" name="ORDERLINE PK">
<createdBy>andrwwteo</createdBy>
<createdTime>2022-04-07 05:03:05 UTC</createdTime>
<ownerDesignName>cust_orders</ownerDesignName>
<engineerTo>
<item key="B2B557E4-6D9E-D4E3-0CE7-3F684103BD09" value="true"/>
</engineerTo>
<pk>true</pk>
<usedAttributes>
<attributeRef>8A287C1E-4B20-9AE9-24B1-4F1CEE320FA3</attributeRef>
</usedAttributes>
</identifier>
</identifiers>
</Entity>