<?xml version = '1.0' encoding = 'UTF-8'?>
<Entity class="oracle.dbtools.crest.model.design.logical.Entity" directorySegmentName="seg_0" id="98109BF1-6788-19DC-7242-46D06A6B454A" name="PRODUCT">
<createdBy>andrwwteo</createdBy>
<createdTime>2022-04-07 04:33:44 UTC</createdTime>
<ownerDesignName>cust_orders</ownerDesignName>
<engineerTo>
<item key="B2B557E4-6D9E-D4E3-0CE7-3F684103BD09" value="true"/>
</engineerTo>
<adequatelyNormalized>NO</adequatelyNormalized>
<expectedVolumes>0</expectedVolumes>
<fwdEngineeringStrategyName>Single Table</fwdEngineeringStrategyName>
<growthPercent>0</growthPercent>
<growthType>Year</growthType>
<maxVolumes>9999999</maxVolumes>
<minVolumes>0</minVolumes>
<normalForm>Third</normalForm>
<attributes itemClass="oracle.dbtools.crest.model.design.logical.Attribute">
<Attribute name="prod_no" id="538E071F-0A3F-C2C7-8F7D-F2120419384D">
<createdBy>andrwwteo</createdBy>
<createdTime>2022-04-07 04:33:52 UTC</createdTime>
<commentInRDBMS><![CDATA[product_number]]></commentInRDBMS>
<ownerDesignName>cust_orders</ownerDesignName>
<engineerTo>
<item key="B2B557E4-6D9E-D4E3-0CE7-3F684103BD09" value="true"/>
</engineerTo>
<useDomainConstraints>false</useDomainConstraints>
<use>1</use>
<logicalDatatype>LOGDT019</logicalDatatype>
<dataTypePrecision>7</dataTypePrecision>
<ownDataTypeParameters>,7,</ownDataTypeParameters>
</Attribute>
<Attribute name="prod_desc" id="FA55E458-9DAA-1494-62EC-FCD75F65F8F6">
<createdBy>andrwwteo</createdBy>
<createdTime>2022-04-07 04:33:52 UTC</createdTime>
<commentInRDBMS><![CDATA[product_description]]></commentInRDBMS>
<ownerDesignName>cust_orders</ownerDesignName>
<engineerTo>
<item key="B2B557E4-6D9E-D4E3-0CE7-3F684103BD09" value="true"/>
</engineerTo>
<useDomainConstraints>false</useDomainConstraints>
<use>1</use>
<logicalDatatype>LOGDT024</logicalDatatype>
<dataTypeSize>50</dataTypeSize>
<ownDataTypeParameters>50,,</ownDataTypeParameters>
</Attribute>
<Attribute name="prod_unitprice" id="070A4A0E-B3C2-DE6F-F8B9-7DA94EB1E427">
<createdBy>andrwwteo</createdBy>
<createdTime>2022-04-07 04:33:53 UTC</createdTime>
<commentInRDBMS><![CDATA[product_unit_price]]></commentInRDBMS>
<ownerDesignName>cust_orders</ownerDesignName>
<engineerTo>
<item key="B2B557E4-6D9E-D4E3-0CE7-3F684103BD09" value="true"/>
</engineerTo>
<useDomainConstraints>false</useDomainConstraints>
<use>1</use>
<logicalDatatype>LOGDT019</logicalDatatype>
<dataTypePrecision>7</dataTypePrecision>
<dataTypeScale>2</dataTypeScale>
<ownDataTypeParameters>,7,2</ownDataTypeParameters>
</Attribute>
</attributes>
<identifiers itemClass="oracle.dbtools.crest.model.design.logical.CandidateKey">
<identifier id="4B7CEF47-D663-9A10-336F-554D8703F398" name="PRODUCT PK">
<createdBy>andrwwteo</createdBy>
<createdTime>2022-04-07 04:34:18 UTC</createdTime>
<ownerDesignName>cust_orders</ownerDesignName>
<engineerTo>
<item key="B2B557E4-6D9E-D4E3-0CE7-3F684103BD09" value="true"/>
</engineerTo>
<pk>true</pk>
<usedAttributes>
<attributeRef>538E071F-0A3F-C2C7-8F7D-F2120419384D</attributeRef>
</usedAttributes>
</identifier>
</identifiers>
</Entity>
