<?xml version = '1.0' encoding = 'UTF-8'?>
<Entity class="oracle.dbtools.crest.model.design.logical.Entity" directorySegmentName="seg_0" id="A1BC44BB-CA66-6AEB-4329-E8E669BBDA7C" name="CUSTOMER">
<createdBy>andrwwteo</createdBy>
<createdTime>2022-04-07 04:24:40 UTC</createdTime>
<ownerDesignName>cust_orders</ownerDesignName>
<engineerTo>
<item key="B2B557E4-6D9E-D4E3-0CE7-3F684103BD09" value="true"/>
</engineerTo>
<adequatelyNormalized>NO</adequatelyNormalized>
<expectedVolumes>0</expectedVolumes>
<fwdEngineeringStrategyName>Single Table</fwdEngineeringStrategyName>
<growthPercent>0</growthPercent>
<growthType>Year</growthType>
<maxVolumes>9999999</maxVolumes>
<minVolumes>0</minVolumes>
<normalForm>Third</normalForm>
<attributes itemClass="oracle.dbtools.crest.model.design.logical.Attribute">
<Attribute name="cust_no" id="9BACEA69-68FD-7E82-3668-9209BF517850">
<createdBy>andrwwteo</createdBy>
<createdTime>2022-04-07 04:24:50 UTC</createdTime>
<commentInRDBMS><![CDATA[customer_number]]></commentInRDBMS>
<ownerDesignName>cust_orders</ownerDesignName>
<engineerTo>
<item key="B2B557E4-6D9E-D4E3-0CE7-3F684103BD09" value="true"/>
</engineerTo>
<useDomainConstraints>false</useDomainConstraints>
<use>1</use>
<logicalDatatype>LOGDT019</logicalDatatype>
<dataTypePrecision>7</dataTypePrecision>
<ownDataTypeParameters>,7,</ownDataTypeParameters>
</Attribute>
<Attribute name="cust_name" id="31C5FE86-0307-AC09-71D5-DAC4E9C35044">
<createdBy>andrwwteo</createdBy>
<createdTime>2022-04-07 04:24:50 UTC</createdTime>
<commentInRDBMS><![CDATA[customer_name]]></commentInRDBMS>
<ownerDesignName>cust_orders</ownerDesignName>
<engineerTo>
<item key="B2B557E4-6D9E-D4E3-0CE7-3F684103BD09" value="true"/>
</engineerTo>
<useDomainConstraints>false</useDomainConstraints>
<use>1</use>
<logicalDatatype>LOGDT024</logicalDatatype>
<dataTypeSize>50</dataTypeSize>
<ownDataTypeParameters>50,,</ownDataTypeParameters>
</Attribute>
<Attribute name="cust_address" id="72CDC8B2-D9C8-D0AA-36C9-30084CB4BFA0">
<createdBy>andrwwteo</createdBy>
<createdTime>2022-04-07 04:24:50 UTC</createdTime>
<commentInRDBMS><![CDATA[customer_address]]></commentInRDBMS>
<ownerDesignName>cust_orders</ownerDesignName>
<engineerTo>
<item key="B2B557E4-6D9E-D4E3-0CE7-3F684103BD09" value="true"/>
</engineerTo>
<useDomainConstraints>false</useDomainConstraints>
<use>1</use>
<logicalDatatype>LOGDT024</logicalDatatype>
<dataTypeSize>50</dataTypeSize>
<ownDataTypeParameters>50,,</ownDataTypeParameters>
</Attribute>
<Attribute name="cust_phone" id="B0E8B251-29DE-5281-5A62-316B8181C09D">
<createdBy>andrwwteo</createdBy>
<createdTime>2022-04-07 04:24:51 UTC</createdTime>
<commentInRDBMS><![CDATA[customer_phone]]></commentInRDBMS>
<ownerDesignName>cust_orders</ownerDesignName>
<engineerTo>
<item key="B2B557E4-6D9E-D4E3-0CE7-3F684103BD09" value="true"/>
</engineerTo>
<nullsAllowed>true</nullsAllowed>
<useDomainConstraints>false</useDomainConstraints>
<use>1</use>
<logicalDatatype>LOGDT025</logicalDatatype>
<dataTypeSize>10</dataTypeSize>
<ownDataTypeParameters>10,,</ownDataTypeParameters>
</Attribute>
<Attribute name="cust_level" id="63991EA7-9B9D-FD1D-BD7A-1BCBA7E26154">
<createdBy>andrwwteo</createdBy>
<createdTime>2022-04-07 04:24:51 UTC</createdTime>
<commentInRDBMS><![CDATA[customer_level]]></commentInRDBMS>
<ownerDesignName>cust_orders</ownerDesignName>
<engineerTo>
<item key="B2B557E4-6D9E-D4E3-0CE7-3F684103BD09" value="true"/>
</engineerTo>
<useDomainConstraints>false</useDomainConstraints>
<use>1</use>
<logicalDatatype>LOGDT025</logicalDatatype>
<dataTypeSize>1</dataTypeSize>
<ownDataTypeParameters>1,,</ownDataTypeParameters>
</Attribute>
</attributes>
<identifiers itemClass="oracle.dbtools.crest.model.design.logical.CandidateKey">
<identifier id="9F2C90AC-E2ED-BC30-79E7-0C72133DC2D7" name="Entity_1 PK">
<createdBy>andrwwteo</createdBy>
<createdTime>2022-04-07 04:25:17 UTC</createdTime>
<ownerDesignName>cust_orders</ownerDesignName>
<engineerTo>
<item key="B2B557E4-6D9E-D4E3-0CE7-3F684103BD09" value="true"/>
</engineerTo>
<pk>true</pk>
<usedAttributes>
<attributeRef>9BACEA69-68FD-7E82-3668-9209BF517850</attributeRef>
</usedAttributes>
</identifier>
</identifiers>
</Entity>
