<?xml version = '1.0' encoding = 'UTF-8'?>
<Entity class="oracle.dbtools.crest.model.design.logical.Entity" directorySegmentName="seg_0" id="CD274931-789B-36F7-DAD2-C1FB0CF6C541" name="PROD_CATEGORY">
<createdBy>andrwwteo</createdBy>
<createdTime>2022-04-07 04:35:10 UTC</createdTime>
<ownerDesignName>cust_orders</ownerDesignName>
<engineerTo>
<item key="B2B557E4-6D9E-D4E3-0CE7-3F684103BD09" value="true"/>
</engineerTo>
<adequatelyNormalized>NO</adequatelyNormalized>
<expectedVolumes>0</expectedVolumes>
<fwdEngineeringStrategyName>Single Table</fwdEngineeringStrategyName>
<growthPercent>0</growthPercent>
<growthType>Year</growthType>
<maxVolumes>9999999</maxVolumes>
<minVolumes>0</minVolumes>
<normalForm>Third</normalForm>
<attributes itemClass="oracle.dbtools.crest.model.design.logical.Attribute">
<Attribute name="pcat_id" id="189A551A-8D65-D38C-9E9D-599EA65ACB8D">
<createdBy>andrwwteo</createdBy>
<createdTime>2022-04-07 04:35:16 UTC</createdTime>
<commentInRDBMS><![CDATA[productcategory_identification]]></commentInRDBMS>
<ownerDesignName>cust_orders</ownerDesignName>
<engineerTo>
<item key="B2B557E4-6D9E-D4E3-0CE7-3F684103BD09" value="true"/>
</engineerTo>
<useDomainConstraints>false</useDomainConstraints>
<use>1</use>
<logicalDatatype>LOGDT019</logicalDatatype>
<dataTypePrecision>7</dataTypePrecision>
<ownDataTypeParameters>,7,</ownDataTypeParameters>
</Attribute>
<Attribute name="pcat_name" id="36BDC1A2-C0D6-1833-0559-65AE9DDA9945">
<createdBy>andrwwteo</createdBy>
<createdTime>2022-04-07 04:35:16 UTC</createdTime>
<commentInRDBMS><![CDATA[productcategory_name]]></commentInRDBMS>
<ownerDesignName>cust_orders</ownerDesignName>
<engineerTo>
<item key="B2B557E4-6D9E-D4E3-0CE7-3F684103BD09" value="true"/>
</engineerTo>
<useDomainConstraints>false</useDomainConstraints>
<use>1</use>
<logicalDatatype>LOGDT024</logicalDatatype>
<dataTypeSize>50</dataTypeSize>
<ownDataTypeParameters>50,,</ownDataTypeParameters>
</Attribute>
</attributes>
<identifiers itemClass="oracle.dbtools.crest.model.design.logical.CandidateKey">
<identifier id="2F34A7A1-81C1-75BB-1A60-AA778990E83A" name="PROD_CATEGORY PK">
<createdBy>andrwwteo</createdBy>
<createdTime>2022-04-07 04:35:37 UTC</createdTime>
<ownerDesignName>cust_orders</ownerDesignName>
<engineerTo>
<item key="B2B557E4-6D9E-D4E3-0CE7-3F684103BD09" value="true"/>
</engineerTo>
<pk>true</pk>
<usedAttributes>
<attributeRef>189A551A-8D65-D38C-9E9D-599EA65ACB8D</attributeRef>
</usedAttributes>
</identifier>
</identifiers>
</Entity>
