<?xml version = '1.0' encoding = 'UTF-8'?>
<Diagram class="oracle.dbtools.crest.swingui.logical.DPVLogical" name="Logical" id="5318FA70-C265-D4A9-9CAF-E836766D65CB">
<createdBy>andrwwteo</createdBy>
<modifiedBy>andrwwteo</modifiedBy>
<createdTime>2022-04-07 04:21:31 UTC</createdTime>
<autoRoute>false</autoRoute>
<boxInbox>true</boxInbox>
<showLegend>true</showLegend>
<showLabels>true</showLabels>
<showRelAttributes>false</showRelAttributes>
<gridEnabled>false</gridEnabled>
<showGrid>false</showGrid>
<diagramColor>-1</diagramColor>
<display>false</display>
<notation>2</notation>
<showAllDetails>false</showAllDetails>
<showElements>true</showElements>
<objectViews>
<OView class="oracle.dbtools.crest.swingui.TVLegend" oid="43E3B9C0-4019-4AA7-FE55-7E2F305FC87C" otype="Legend" vid="85FDC207-F7E4-43FA-4AFD-895D8C5F4FFE">
<hideElementsInCurrentOnly>false</hideElementsInCurrentOnly>
<bounds x="10" y="10" width="226" height="128"/>
</OView>
<OView class="oracle.dbtools.crest.swingui.logical.TVEntity" oid="947767B0-F622-E010-62F9-2A1B0117622B" otype="Entity" vid="40302870-3F55-7168-EA4D-5A1B65F69272">
<hideElementsInCurrentOnly>false</hideElementsInCurrentOnly>
<bounds x="511" y="159" width="170" height="110"/>
</OView>
<OView class="oracle.dbtools.crest.swingui.logical.TVEntity" oid="98109BF1-6788-19DC-7242-46D06A6B454A" otype="Entity" vid="A7AED5E0-D91F-DDE0-7728-03453C617263">
<hideElementsInCurrentOnly>false</hideElementsInCurrentOnly>
<bounds x="219" y="406" width="170" height="110"/>
</OView>
<OView class="oracle.dbtools.crest.swingui.logical.TVEntity" oid="A1BC44BB-CA66-6AEB-4329-E8E669BBDA7C" otype="Entity" vid="04C30076-A704-7C86-C83B-8B621C09E139">
<hideElementsInCurrentOnly>false</hideElementsInCurrentOnly>
<bounds x="207" y="158" width="170" height="110"/>
</OView>
<OView class="oracle.dbtools.crest.swingui.logical.TVEntity" oid="C38B643A-E48F-2829-23E9-5E2D2D7966F0" otype="Entity" vid="C9A52AB6-9EB6-E44F-A081-E84BD2B1EFB9">
<hideElementsInCurrentOnly>false</hideElementsInCurrentOnly>
<bounds x="507" y="369" width="170" height="110"/>
</OView>
<OView class="oracle.dbtools.crest.swingui.logical.TVEntity" oid="CD274931-789B-36F7-DAD2-C1FB0CF6C541" otype="Entity" vid="34E79A39-C7FF-0FA6-6500-290932BF47DC">
<hideElementsInCurrentOnly>false</hideElementsInCurrentOnly>
<bounds x="820" y="275" width="170" height="110"/>
</OView>
</objectViews>
<connectors>
<Connector class="oracle.dbtools.crest.swingui.logical.TVRelation" oid="293CEE18-3B58-91D0-1578-BA8E107D486D" otype="Relation" vid_source="04C30076-A704-7C86-C83B-8B621C09E139" vid_target="40302870-3F55-7168-EA4D-5A1B65F69272">
<hideElementsInCurrentOnly>false</hideElementsInCurrentOnly>
<backgroundColor>-16777216</backgroundColor>
<lineWidth>1</lineWidth>
<sourceLabel class="oracle.dbtools.crest.model.design.Label">
<site>0</site>
<labelBounds x="387" y="183" width="46" height="30"/>
<noBackgroundColor>true</noBackgroundColor>
<noForegroundColor>true</noForegroundColor>
</sourceLabel>
<targetLabel class="oracle.dbtools.crest.model.design.Label">
<site>2</site>
<labelBounds x="487" y="216" width="18" height="30"/>
<noBackgroundColor>true</noBackgroundColor>
<noForegroundColor>true</noForegroundColor>
</targetLabel>
<points>
<point x="377" y="213"/>
<point x="511" y="213"/>
</points>
</Connector>
<Connector class="oracle.dbtools.crest.swingui.logical.TVRelation" oid="3C711FEA-6909-7260-88C2-2F93F0D55018" otype="Relation" vid_source="40302870-3F55-7168-EA4D-5A1B65F69272" vid_target="C9A52AB6-9EB6-E44F-A081-E84BD2B1EFB9">
<hideElementsInCurrentOnly>false</hideElementsInCurrentOnly>
<backgroundColor>-16777216</backgroundColor>
<lineWidth>1</lineWidth>
<sourceLabel class="oracle.dbtools.crest.model.design.Label">
<site>0</site>
<labelBounds x="596" y="305" width="56" height="30"/>
<noBackgroundColor>true</noBackgroundColor>
<noForegroundColor>true</noForegroundColor>
</sourceLabel>
<targetLabel class="oracle.dbtools.crest.model.design.Label">
<site>2</site>
<labelBounds x="597" y="333" width="18" height="30"/>
<noBackgroundColor>true</noBackgroundColor>
<noForegroundColor>true</noForegroundColor>
</targetLabel>
<points>
<point x="596" y="269"/>
<point x="597" y="369"/>
</points>
</Connector>
</connectors>
</Diagram>
